{"cameraMode":{"drawMode":0,"name":"Shaded","section":"Shading Mode"},"sceneLighting":true,"audioPlay":false,"sceneViewState":{"showFog":true,"showMaterialUpdate":false,"showSkybox":true,"showFlares":true,"showImageEffects":true,"showParticleSystems":true},"in2DMode":false,"pivot":{"x":29.801176071166993,"y":2.9748873710632326,"z":23.77578353881836},"rotation":{"x":-0.036276329308748248,"y":0.03117472492158413,"z":-0.0014934245264157653,"w":-0.9989812970161438},"size":2.7311384677886965,"orthographic":false}