{"cameraMode":{"drawMode":0,"name":"Shaded","section":"Shading Mode"},"sceneLighting":true,"audioPlay":false,"sceneViewState":{"showFog":true,"showMaterialUpdate":false,"showSkybox":true,"showFlares":true,"showImageEffects":true,"showParticleSystems":true},"in2DMode":false,"pivot":{"x":192.92672729492188,"y":51.5843391418457,"z":39.71314239501953},"rotation":{"x":-0.06178070232272148,"y":-0.013480466790497303,"z":0.0003445505863055587,"w":-0.998162567615509},"size":98.8103256225586,"orthographic":false}