{"cameraMode":{"drawMode":0,"name":"Shaded","section":"Shading Mode"},"sceneLighting":true,"audioPlay":false,"sceneViewState":{"showFog":true,"showMaterialUpdate":false,"showSkybox":true,"showFlares":true,"showImageEffects":true,"showParticleSystems":true},"in2DMode":false,"pivot":{"x":204.64834594726563,"y":89.34052276611328,"z":-20.35007667541504},"rotation":{"x":0.0042013986967504028,"y":0.022529782727360727,"z":-0.00038579251850023866,"w":-0.9998934864997864},"size":103.69388580322266,"orthographic":false}