{"cameraMode":{"drawMode":0,"name":"Shaded","section":"Shading Mode"},"sceneLighting":true,"audioPlay":false,"sceneViewState":{"showFog":true,"showMaterialUpdate":false,"showSkybox":true,"showFlares":true,"showImageEffects":true,"showParticleSystems":true},"in2DMode":false,"pivot":{"x":-20.13775634765625,"y":4.118072986602783,"z":33.68711471557617},"rotation":{"x":-0.0657026544213295,"y":0.6060963273048401,"z":-0.05025405064225197,"w":-0.7911316752433777},"size":9.685333251953125,"orthographic":false}