{"cameraMode":{"drawMode":0,"name":"Shaded","section":"Shading Mode"},"sceneLighting":true,"audioPlay":false,"sceneViewState":{"showFog":true,"showMaterialUpdate":false,"showSkybox":true,"showFlares":true,"showImageEffects":true,"showParticleSystems":true},"in2DMode":false,"pivot":{"x":31.313411712646486,"y":2.970381498336792,"z":23.43551254272461},"rotation":{"x":-0.0018727803835645319,"y":-0.9971053600311279,"z":0.07372647523880005,"w":-0.023936329409480096},"size":2.2182552814483644,"orthographic":false}