{"cameraMode":{"drawMode":0,"name":"Shaded","section":"Shading Mode"},"sceneLighting":false,"audioPlay":false,"sceneViewState":{"showFog":true,"showMaterialUpdate":false,"showSkybox":false,"showFlares":true,"showImageEffects":true,"showParticleSystems":true},"in2DMode":false,"pivot":{"x":14.352465629577637,"y":4.409052848815918,"z":31.95408058166504},"rotation":{"x":-0.022132091224193574,"y":0.8534538745880127,"z":0.03708348795771599,"w":0.5196622014045715},"size":7.244753360748291,"orthographic":false}