{"cameraMode":{"drawMode":0,"name":"Shaded","section":"Shading Mode"},"sceneLighting":false,"audioPlay":false,"sceneViewState":{"showFog":true,"showMaterialUpdate":false,"showSkybox":false,"showFlares":true,"showImageEffects":true,"showParticleSystems":true},"in2DMode":false,"pivot":{"x":-20.65210723876953,"y":9.604446411132813,"z":22.762882232666017},"rotation":{"x":-0.011709743179380894,"y":0.9871692061424255,"z":-0.0864090844988823,"w":-0.13378123939037324},"size":24.67236328125,"orthographic":false}